1	1	0	2	722	010479822851773459820631220186102254120421403523189747069586813510613285579681343197614525802475193012063601542307479794859
1	2	0	4	660	024607251286101230430394205882769182513673619658340217606072031020416107824497254303684528195701863452799330034744936479706
1	3	0	5	256	028670471235101230430214205882769187607423619658340217600672031020410107224497854303684528195701863452799386531799436479706
1	4	0	6	542	068153017045362420185949447201258281524969787852211353407067209363182938761168284545972015481368697120746847369272852974021
1	5	0	7	78	067186107087362420185289447201258281524969787852211353407067209363182938761168284545972015481368697120746847369272852974021
1	6	0	10	481	036287694002731670698185361802186069153631769580893514256816943516734852094351272196153969389354512351308125974183606497706
1	7	0	11	465	061153987060767036936349568512079720021814826757038163040125188618634679003861241296133401589254543201300467670255413425403
1	8	0	12	391	069153537210082413595828712004351301681823456312954306187601062879728452728974971804283158758955989186356397794241542135369
1	9	0	14	346	047186893912560472813285988260727960639878355491257823047497038597460433701452821028987601558246958513691234210275893396120
1	10	0	16	81	074135896197684007613065988260727960639878355491257823047497038597460433701452821028987601558246958513691234210275893396120
1	11	0	18	319	072452786982737812042405849396306676034207025981853965893967699630302477198425353942855896972311858861699678102312543340963
1	12	0	19	76	072452786986531879406407882598594676034207025981853965893967699630302477198425353942855896972311858861699678102312543340963
1	13	0	23	274	015693132153801569343890261559813615043635899585822784975240317289543586093794360268671687016240854936120779974795486021816
1	14	0	24	256	012315402721680158952034003439670421351606588219761864304303694301395251843351606106077943674037942186354503794473959168782
1	15	0	39	59	012315402721680158952034003439670681706066187916438594304253694301395251843351606106077943674037942186354503794473959168782
1	16	0	41	239	020639811353651047982407892593634287706820721518308275243699694795330816461589784370746393969635394524070187782726816618102
1	17	0	44	157	028425271345952447985729568116816360963478970424305133048728157285367946079936744720721531867549027542184260947398616618895
1	18	0	45	97	028425271245402749768721658116896960369473357011601208278728157285367946079936744720721531867549027542184260947398616618895
1	19	0	46	29	028425271245402749768721658116896960369473347400935428168728157285367946079936744720721531867549027542184260947398616618895
1	20	0	51	161	067693407406797630470496097816852682351874106332946072877498957286859185861936184525124521035012120513514398245763012340120
1	21	0	53	146	072749586786401330435591698772852434254704029451799850348279493694772707869749533669723049849746798012851358639619895958895
1	22	0	62	144	078153526918636097407956138258967431782450015822986703158614250210459284870936164539616396839348607728165997254284731895728
1	23	0	66	119	079153946067370185942825442054251960618273317955495892877287679476007064672153989842515896345353210947826839816257479794351
1	24	0	71	126	013706352894177658940423460651397960531274350121280762875428939581651690336670491352514306347768901168525882827671089425859
1	25	0	75	106	025794041534130658967820132758968940531031702826705133967496160127885878921067408679604306730741498067954389425633920861210
1	26	0	76	98	068120317047469749704793034967047670315369061837619587284258932013651546327706984972498612759075863012793698985255498425479
1	27	0	78	79	018479862151203120125204205115343121639700024011304250341531210212001073269861030221210674001935263618798985639341013425315
1	28	0	89	67	070369766142385470612780251885986274034591862881766187602015279476840034340135139586021530176453021452104213895450212210985
1	29	0	105	77	078728526198385470612720152885987682947972184776964036938595851204995362894351674936019581279636497403043034430604770396974
1	30	0	118	11	078728526198385470612720152885987682947972184776964036938595851204995342804351634036019581279676403497943934430694370706936
1	31	1	19	48	107607962542245415302601846160798360618675941227077821867286891354513280572618986186031689478531210021029494067853927168287
1	32	1	37	51	702287616004273130495708519724534286706310769470763044306704543040228362798872853102181539607639693168169587542898513895958
1	33	1	49	10	702287616004273130495708519734024286706315749429703151866704543040228362798872853102181539607639693168169587542898513895958
1	34	1	60	4	702287616004273130495708519734024286706315749429703151866701012540228362798872853102181539607639693168169587542898513895958
1	35	1	74	18	702287616004273130495708519734024286706315749429703151866702011534218032640513933102181539607639693168169587542868153861958
1	36	1	89	50	106531672189205160763939508630431212816305019432709471866070123154027249854076120342495310759204812452706374479300436639749
1	37	1	95	16	106531672189205160763939508630431212816305019432709471866070123154027249854076120343600760796700361425186374479300436639749
1	38	1	111	38	203153041843560294701162594340360970513167405863982102458276023158170956687201820496043516378852294351072187872073669693430
1	39	1	116	18	203153041843560294701162594340360970513167405863982102458276017285270956687201820406787601202278182872071287872073640693430
1	40	1	118	15	203153041843560294701162594340360304153137405863982102458276017285270954689278150406787601204270382816971253531033440403430
1	41	2	24	32	070245366018176052497394023160785315497639540672748957496814032010439204613403954353611025895471895639582007936189639936201
1	42	2	58	31	540947432893676963943390112839687304497632400613787605426704532010120246153396814053611206895741896589530207936860121120531
1	43	2	82	25	130076345893796842581606821659878535287012106312980679857947476078993206613693956702041206316741896589535249287280759168304
1	44	2	100	32	610034728796923603459478146158978307403162405113365893699630633694970721682403979542455135259133854102723502861748974859681
1	45	2	108	26	420076815813695359851613410724536428369679533061477065898161246393502698135396810682537495140896359639680307076366913135974
1	46	3	53	12	158012493653391561853691290215361524425858429675308610343513619636893980653749318263609470797692435340313624985257416598479
1	47	3	81	10	207043961568931825406977086310279281102864797874209632014258215894079727486102516095108610234272085947697404153133531315479
1	48	3	103	16	476012709586381689598815918170686247861891526904314254256070106185220941176985302774399740607354612859304972598346047479287
1	49	4	16	14	031304954572928603451213986185958015618539249575862015310346723152802491170425360795218597042407534794203670186498776120369
1	50	5	29	12	595120188128367094706457852420135069670431783462012877822450217604013306547201398160427498530514439670365879034366939936369
1	51	5	114	1	595120188128367094706457852420135069670431783462012877822450217606013706567201308160427498530514439670365879034346079974369
1	52	6	108	7	593201068128367094706457852420135069670431783462012877822450217607013606570278968160427498530514439670365879034437069963369
1	53	7	12	16	476794709798045354251393669796394540120437203961635983696180257943413046530974248760457498230526449135272039076956807816021
1	54	7	23	9	076794706098675359821390677995824249043075534311034523046708257943478047239947868724015898230526449135276012670616807816827
1	55	7	95	1	076794706098675359821390677995824249043075534311034523046708257943478047239947868724015898236520947168596012670616807816827
1	56	7	112	9	876706102082617913534700677916824587245125933016454308726936879474213961530021349739316812560022718872866745012202154102340
1	57	7	116	10	076706106382197618630704255110243181254060633649933040766395218612042040531728958994017281231616581589860301782682110102254
1	58	9	20	6	010120122025114395860187026112018121254206015382126702106391010215224319553861310621210216001896253497810707186250447639076
1	59	9	107	10	186201616089675339601762475376061215531538023571184259360123069854743204012452101361288270701603279168747240153028196963958
1	60	9	117	4	186607616001372581604763946082797135531314595178300675240121865312163079967043609634700340696341306589674236589878207076135
1	61	10	23	3	547403492801672821067600314218685039670169452782874255427498975247452947479245248595438616020866110076829778872257497794794
1	62	10	68	7	047186793602791842586251806153128207186767180426302109744253581535910132258974599658729745825203410749728601012284789895531
1	63	14	83	4	010120122021310639687152041221030121287204028551938161863691010215220312158076890220121531021512031304354501102250442135012
1	64	14	117	1	010120122021310639687152041221030121287204028551938161863691010215220316153598610320131028521726081186764007186280749067043
1	65	15	58	2	407985163939466053187282475370601407706162318705246399857607939589640524345425121542525897442400531728957693816708639816430
1	66	18	24	4	010120122024715934028107066112078121369302016802122102102871010215220312158076890220121531021512031304354551403250442135012
1	67	26	48	3	707021066128587294728857630274961987706028517663019850129631683512182044739974969753581207912611082607677845102637904043542
1	68	26	82	4	420974215253141658978612100730436342607859042873721865988167976812440024315120432002031687415281376985109593936700659278618
1	69	26	93	1	420974215253141658978612100730436342607859042873721865988167976815445359215985432807476934995069876936104398985700627278670
1	70	28	37	3	020479811053121543013605321806786343102701038554988954257497976810445203210245422107456934295028815895938751693356135681102
1	71	42	58	2	431021850668171563943010281349725340021034072496583515892103496810703276487403025994257943458075961034788649497319560287681
1	72	43	55	1	604021537630104345210532584047953979760241401823679852101353496810701273286497815995278276847079967043608645542761061728681
1	73	50	120	1	421782405258449769304613956354249215531637068707240348958163429472503874427895285268531682197790447369799640963973440403043
1	74	57	106	1	306936074276850601247979376054287106278972245455240211354030216394018746693598165270676072074822970816366701452686131985340
1	75	60	112	2	795936984934870621067150453130425407043964306134818590763962010670213689515782438215243969540347302589617236369405318816278
1	76	64	71	2	203452041012420749786151335802159828794078763610988614253515311203516490874639590330764031063525943513607427618583912760749
1	77	66	68	1	104598632712680158952744502130430039287064496977345981209580341353040107328120470220631536974975943816301216728399643430210
1	78	78	105	1	127043580618876925493976319504358581201069962133013514524252427824553581196782037281536936136961930728546045782249528287287
1	79	99	109	1	127245180636179503498975381054272582287078966813105241024792408274353986151782031276940349731742595043180349607046304693304
2	1	0	2	1779	010120122020411572863169336003407010278526209571893404258610107601220254149278677401063942287477967060349134252001424970454301230201418760361630104795225898452670346372598690304043589
2	2	0	4	1478	063102897274489370616498651204310725985242814206545317827949548720289108527728989621681618038904533403186455422554525314342787003289478153029654202106152728486012512176670511368351430
2	3	0	6	1361	025693041049127082786851826953103036102894497977407609639749517069386300143245302125487252454382010678294275987439766074037063439963630340744996893694510744295728783976430496702201076
2	4	0	7	1159	076135406820911376025964759897425515827934354321014034523408256939478681215531038978643031254984724797897966932435212546783698204539316135181596983968531150536479895297524167879524034
2	5	0	10	1006	072782186807916724530784053168135960639471367889219637602455868160198796540872438597270678490157283960715319856067606935213042040531316186982515473043927069876936106342245952816278749
2	6	0	12	974	060369677235081647958729815469352493351364725158348271208161350340159394860531671887415349240305425131521079364003347603126072054820274135491093166181852605472749788663749272816278021
2	7	0	13	79	060369677635801549763729815469352493351364725158348271208161350340159394860531671887415349240305425131521079364003347603126072054820274135491093166181852605472749788663749272816278021
2	8	0	14	808	016102582443550163982797228706782359681687108162690341534526183960682704763102895281518693683011427068596951682594970437024520169135359186984597954972849865712340608968681957827728425
2	9	0	16	283	016102582847579301286761395413582354607027106762019855420346183960682704763102895281518693683011427068596951682594970437024520169135359186984597954972849865712340608968681957827728425
2	10	0	19	63	016102582849577839602761395413582354607027106762019855420346183960682704763102895281518693683011427068596951682594970437024520169135359186984597954972849865712340608968681957827728425
2	11	0	21	765	074639596389195230474069457053136613396959853189522782547600203693115639394076977436768130935966815893628988957489954979673963039955681430764261528725431490576872408598425405342315859
2	12	0	22	67	070670166324195230474609457053136613396959853189522782547600203693115639394076977436768130935966815893628988957489954979673963039955681430764261528725431490576872408598425405342315859
2	13	0	23	489	035497214989375185943850463153185525396349459482762102109857209743186077168425316936768130965483213696020100123501725319673963039955681430764261528725431490576872408598425405342315859
2	14	0	25	576	028497471698785258954592708594769015186933243405062784978951683152186490172513586812503424065487255982412276183996532100634036972944872351684030344797047498976513609825524510336749135
2	15	0	26	367	036315494025734086153891260374934015396930243435067948275891683152186497179542046812502124060437352106145406934370860120634036972944872351684030344797047498976513609825524510336749135
2	16	0	29	500	031403154258859661893216379310286270135961828107635425890436860342110524245524529410369304274968796395463033043430244792814301678216203598745359408279378425251430131581396790486531513
2	17	0	30	26	031403154258859661893216379512068270135961828107635425890436860342110524245524529410369304274968796395463033043430244792814301678216203598745359408279378425251430131581396790486531513
2	18	0	34	442	028760471539436789510152021034012304524530472869786184523510637945976207016607686787469359241635893698579101026198953046860345112211002607619872408720358162987985826310872688134760859
2	19	0	36	78	028760471539436789510152021034012204034530162078103694523040637945976207016607686787469359241635893698579101026198953046860345112211002607619872408720358162987985826310872688134760859
2	20	0	38	384	072304986974839752404123155835139685120796106072744975890437938598645528245497821560297401703616938593681894254759989365984252581432601607027921020125128429754076020130254211043120542
2	21	0	40	338	042315853693096394749067670679497012670404253524184790767823180768652185468693012147425439980215134524525743694295283049543047285979947043693667280218786679106430277958639431082827794
2	22	0	42	315	074452596945632821047249437698510342153952076186870217825427046394361796843497200772168130895385165131861588593185691683126704053305149782078694517061328859798254952401452060735861315
2	23	0	44	151	028153971067120628787982120628787349963472070686798590345317046394368796149430270772168130895385165131861619582847691683126704053305149782078694517061328859798254952401452060735861315
2	24	0	47	36	028153971067120628787982120628787189861852676080792540345317046394368796149430270772168130895385165131861619582847691683126704053305149782078694517061328859798254952401452060735861315
2	25	0	54	301	079452746889615943028877610298531967760405393686978273042013060340749344702958219725379431490437350128163473693094677499676074031963534102406836789631206531715430631085589436030974012
2	26	0	66	256	045693523416208504349877258287247867760309154383075247062010762103063420954034728185425472949357614306820244257842158610253963412975042043458647859476928029715589432474859124003034315
2	27	0	67	228	036396894710892539634340221006782868524317180326459471020763431682003749497245249518260727608127602106710965134552047820162016828892751706037415353153116160887369523987872541215403396
2	28	0	81	191	070749866753801207670346329702104958315393811856692874030679605130734437006403472054796359281057216394007696936913358168985242553516130670247897024520168155134120204389895856942135120
2	29	0	95	122	039369864753891207630344927935104958369793814556284976070129875240254307240760138654796359211020216076007694034512708163606189793516631681852897024520168155134120204389895891542135670
2	30	0	109	162	025794241658189658953891280710276167021300815826975890345895892781595683810542724958630431950318459361276214306851036702704258686987152782041251283518707679603067049610542433012340403
2	31	0	129	135	027403681098325420102671240482793970513166405373125897600217699631307588697120743636345259944757930128616828273916185981390343653065179985346328687945118252645340725101872405393816693
2	32	0	140	80	027403681098325420102671240482793970513166405373125897600213156931351580396974038536345259944757930128616828273410125988535420193165682947070398945249759724889076155101872965324315043
2	33	0	142	47	027403681098325420102671240482793970513166405373125897600213156931351580396974038536345259944757930128616828273410125983614036893955682947072806957949839724685021898101872965315513076
2	34	0	156	22	027403681098325420102671240482793970513166405373125897600213156931351580396974038536345259944757930128616828273410125983614036893955682947072806957949834729086034318101872965315513076
2	35	0	158	120	072618686016478987285019633002154598895252874082363157492540132451520397168728610486867031164078303695424964037812201359727061842851593153161349617285835932160012070410542183669693153
2	36	0	160	109	072278686716608903435871503482760598497257828987517609632546133151589345502749815916967013862031166935847284971618965893459361204892358670491368671861016821872102782085589973402201351
2	37	0	168	93	012749302060717924534510667012076594425470822017132548953511046076321046031782153927842512893575164031872289476349671686741353904150334135100385399740618367698728154053021829767340043
2	38	0	169	88	042245953087742842527598267076076543497200278668138958958613026185142948576012400324207635519483762104085271681385397490311863547986953598516925164031834593086794317410102933616598639
2	39	1	54	76	403706943039246887251453014331530218794064073596152874032548255310479218402872511682720128720458340216063857499376705896950439835618186618612872588167943026018816766779794983554012670
2	40	1	64	10	403706943039246887251453014331530218794064073596152874032544987601579278486012511682720128720458340216063857499376705896950439835618186618612872588167943026018816766779794983554012670
2	41	1	97	80	703452746981636953153131230643047434974309030764682105315980631686976151036186799368215347130615707289640784529497349633950439867638095497682042165896803360493749761082947213051043012
2	42	1	103	56	603351247807526361879104390440363539859869185856932100762876187603681456627403981216324549812156035139403981359558793047240218586608176315305467860128125769407340368901782049396963425
2	43	1	114	45	706278976059178270607046923459870312012106530391470438593046783154206253740340636181063972694253514304345492878945027826183513682591785639499396743968902108127120287210872975495728168
2	44	2	71	52	820245317613905815349357934568152181201864696173862013511206157820386100124430259394374960793954697825304071867459189638785131220544120936816794257940453359118452068243760064703794607
2	45	2	110	24	120245310613975316821350132702158131201859546172862012011206157820386100124430259354321060207941496702753079360453818618785131220544120936816794257940453359118452068243760064703794607
2	46	2	122	15	120245310613975316821350132702158131201859546172862012011206157820386100124430259354321060207941496702753079360453818614590672820874120936813434270215853359118452068243760064779794607
2	47	3	18	45	102012812070416043027038237013516451254938277228811020764306723407803605472245285153610259184356029470176516932768214301820124760542728974970725314031518515639681862831895942793186067
2	48	3	80	42	259067684903874297495368651230420452589341256034793699749742725131881582698278150747698520954748950216816200211315131680633513978587298120151643450210207200616670784772168436061278589
2	49	4	25	36	536102791682787974954782708240347169254539862431519589632872497828759767804895935127052406823947606394713041533649971352511869345361298067856706977940431368597728944043760892563749403
2	50	4	107	36	543304702598145876039426933668159254872128450792672453405982588725942451528369872195859879862001123153054700761260471022457828251760301021529787982102545168281760166082497748974859947
2	51	4	114	30	072201686785909845215123541689528476304307940197248729850768526810498256540278937470689547692783824796739014521618063960727821861043834706107967930120642128507728965825974123067340749
2	52	5	62	27	354670421836269504398975371359825979861044402133012541024301530436131940572513180282158940767870246934561523049653216187970670447682910618520169433402072180863749590298315248531895021
2	53	5	92	29	698120153025744994797784769847935043607401309424702109362451852878967246051287639525907678450382426701549703968935312870252870410697230861049510722459869814360639675816278035435021589
2	54	5	98	21	510120723468901578213125173152495254794528422775890433150764065982734749095287683554321070286397940760754874523185690127270215889314553304218561068160721705069287638147639208196963396
2	55	5	118	16	513210353449707278218546198561859604794538722778892458952781855894968742197985349796852451352091137602576071864013453402127497007494670639365385979853485103920245812189315397660607210
2	56	6	39	8	069287037469793479470546198561859354497028126770022878612781855894968742197985349796852451352091137602576071861042453402127497007494670639365385979853485103920245812189315397660607210
2	57	6	75	14	587861029425274021063049653904316989670458513663977067943406977602430163485012590796768130365389155985321342109815137609674253039127606403978574769851094310752816041634430045342315598
2	58	7	25	7	967760703667790298581046903945216989670458513663977067943400137498520583195210280796152498367489955985802342104769938617074031660597782589476898205240174310952816341686531699382067618
2	59	7	175	17	934728606713605953128517600410213245135825549822549588723150362785945941278067820385320181986155895898543037944779943402038163418947670760765974769854093245652340741072618108203974782
2	60	9	105	6	934728606010372430495548641610258203102049181256014308722450362785945941278067820385320181966073726815847033044779947492038163418947670760765974769854093245652340741072618108203974782
2	61	10	102	10	159287683606797489589515809610213406985875349320671866703158639636910941270021069302168120180426349581067722780716287600686936178977249947875472188598607580697963949572168523481706728
2	62	12	22	4	470524769793046142528107066847931349542875047623071863962789408721370061670120766860639697703026453407234122102001822109604252735432101403521079344796063346901287429594497545287542728
2	63	12	90	7	474524799795048112036539467251398798895155433610959362781534065318736607978728529643096354041823675896079203512445720346960121331038542974258679544307286688112278600776210242558749816
2	64	13	15	9	976872704387602097431045193524581394670676607877281200673961365313953540127963589736002127930196255893413940675968012455968161381813669067038293946939760616789034957245872346054872278
2	65	20	42	9	872958782825974316820431658295897760278274077496989583150674723045895213804201631027053106822407535428142818165928674250697820374152934254705460687942172517839542765345782069740043021
2	66	20	120	7	106287872825974316820131658501249439067867042093182547065313020125147404935425810381552403693453040215343391860627183406043510370217602287012094017824234523040043436196403423545012618
2	67	21	37	5	796076134981876985943060657801242761201585043923675897607284970439478697230861049515106763390176288270786829476359686810317063542957586304212160617281870633695513980128947307416598102
2	68	22	113	6	943304207654902835127408935452402972513981406923357498613049307602469108321369607482479495767410955312872855896710725985212543042037540963133643610672895854897895948928827455247749895
2	69	23	84	9	215827030167520143012490231542513124076955023941637065897945101687239215604827037651013542302714826079740288277449474034259367451072360210471879524030485424953403611530524398693816963
2	70	24	31	1	213749450370546113528027016945203404351534353621977823041205864798193580693749360268603451132515421024593041538925248166978953434183069963434515943960785788927524787970396206106287524
2	71	25	133	5	694021273602791006742515301096342960425875349320671866703158691685310941278760123986168128180426349581067722787086217602135428507768607827060147619582807780627963983512760671097524021
2	72	26	158	8	598315458620811227860617610170682028153677129880529740348954277285852987458120398642521074516983317604534280671628272108107497263495974827493525814520698181560524273951963979487872816
2	73	27	166	1	154872523940663943076930736097407206497876102872785244526393939587668245152245341549330476729688310672547592786047496396159476387028215895432730274251810301242607858702021600796963782
2	74	29	71	7	072186186389595879479744719640353153607811362089156939639470121021021010024034351235459872132145032013470826072160077066139478587272285947890430254252410402231607854718816252495958639
2	75	31	141	3	524278954751893651369933420453103689963954126850125422106395308270410677202681011021651318035314169852886368594285790216109745286247154396826030254252418405631639354740693973445102479
2	76	33	176	2	524278954751893651369933420453103024403954126850125422106395308270410677202681011021851396036714062879768368594285490217989743545021210827822742875981270693631859354543340973410102782
2	77	34	44	4	679861340159328531549367954569312207524360130245124523409855104797235404130430246389563968593458030127413429851503948951638594981720681728161860747063960971743958203412120288776120760
2	78	38	61	1	218021360459338679401742807260768251760131402423542541029859308720469124307895166702163960123950697821354875421896531021638594981798649351871660747945960247754396027076760523478102186
2	79	45	92	2	286034217951643087254962738521049869985437182026102108723511692454385281970524767953628769180476345981012530211002213402477286954129203861048789705428647780927963683547369030431135021
2	80	52	176	1	852513949869253435130064572593604301524523452812701208167068936079652401430425244327449789822747822549778104529578421027016395261856898816155901022452121476097201245858589133540513589
2	81	55	160	1	852513949869253435130064073543061301524528452892761353407068936079652401430425244327449789822747822549778104529578421027016395261856898816155901022452121476097201245858589133540513589
2	82	60	71	1	852513949869253435130064572581604361524783959818521029747061060349727760803947249327449789822787829749774162789578423697686935107152634859305901022452121476097201245858589244530524589
2	83	61	138	2	861524981679084231595068671379495785245398271628811020767289305243461070867861601228913545742439543047260826079754826077639585906959786936011843980124561543820947216703254820782067760
2	84	68	79	2	135681315953681801276940433998516159034288315465273047287601035135420152134958605859720124890635798613461217608752045985288274749974740936037494037602431106527403189347589342095618396
2	85	70	92	1	781607962045612198530284073027824340974035013632967941537607692879306409734479405354728769200661780120227634790334106185391359618852694351876136879474218931660021879447369826735201287
2	86	80	127	1	781607962045612198530284370361824610076725810136242019857601245313507586693693960118528769680661780120297708160334105244343961004850396479637203544795212871028963479403304391624985287
2	87	83	123	1	781607962045612198530284370361824610076725810136242019857601245313507586693693960110336954288267788160297708160334105244023040134310051827631603544795212871028963479453201391624985287
2	88	90	99	1	187693526018176052497494927261878158618692301314524033047602045245313209518351365434594782012132042010320863518945420214580125920456128816876931315313551548327021585367760421581936531
2	89	101	108	3	825693547913745994798865341247970476598706972404532450211351396397659425851135936013904396546732042010378286071628478721023153128139754076020452784527287816263598799325304810658479936
2	90	120	129	1	281067067068761016812860364094703870749364206931358166811359523159486891152403540763918676970794672452058289471270163696011534276070061021283681306397452400434135204287012677059168895
2	91	121	129	1	281067067068761016812860364094703870749364206931358166811359523159486891152403540763918676970794672452058289471270163698209476176070061021283652404301352270481827964287012677085369895
2	92	131	157	1	702012816379494739639066700649767613794250875162312879857602854978970283679963948563497430930646729581893044036760673962891354572250842816156906957496830341406287972531425535121430034
3	1	0	2	3162	010120122020411572863169336003407010278526209571893404258610181201628207716304987401013542242405537498149124302504634978101204260306749430671301072872252784860125116275982081369580101201220204115728631620101358228989753760614263859695307816985
3	2	0	4	2245	047706393998665821079674330603407010618526209671348954300210181201620287174598697901013542202541478953949764306369639470156815320396160670279301047972254784974252469275982887529630107601220272185245397860357498147534910034722431895761006827425
3	3	0	6	2372	039782064912470370604583976936943602985210724718969856939748249582579728481067962187976024201211061868730350216379243041866186161182861201688760182742769590851867903205315143405243490678703289478153023640273406818705661430789316598818621210396
3	4	0	7	105	034728604912470370604583976936943602985210724718969856939748249582579728481067962187976024201211061868730350216379243041866186161182861201688760182742769590851867903205315143405243490678703289478153023640273406818705661430789316598818621210396
3	5	0	10	2077	067782107907746994793246047869302259168581409323675897605319616079830426453895212704770689361699879474263079366027585895422458524940574531395286354289157093637604906635893659789470791352469478396210436821390768654157230168744395598409351963210
3	6	0	12	1831	069186137485099627853541638907695107693168215260434977602450631027979898452670344306339689781692873401269858592051034038519631397526443895208782518604707626041539398405132140634256729479804450324430455239526707489603579168948263369525459728947
3	7	0	13	1672	047102793486301004342675204518672158067498319865537940210126078951672344802351614098774982585159345247093257942847699368532015193301645430724328113596728578944972752457821886813043614301894219706639475807286182785768906315876907396793468201693
3	8	0	20	1567	040168133160357679420761658996315682859873155113305243040438601689715534310430427059531598828707240349536122102554823699603402731183560542473995130493857639068958721155136943207603109360251765302749614060367828940794340639631363639688115963135
3	9	0	21	1293	024639851253501204340043649778254536430792106312969850433968256182470793649861873593689589679380670212034244257298152106943518736613981254762074501242935866986181531595981052343153614259894810763542890301302787459285872542786963589952859278043
3	10	0	22	198	013607852527248160796403649778254536430792106312969850433968256182470793649861873593689589679380670212034244257298152106943518736613981254762074501242935866986181531595981052343153614259894810763542890301302787459285872542786963589952859278043
3	11	0	23	1234	016210782468251554243890756927893859168586939896546708725310683516178896253794519415924518343920677821074619581325244791283969701350216278785412001251074226584793925026814285695240432107035693135618615315473404925392467589709821340584967670315
3	12	0	29	136	016210782468251554243890251340315859168583969893546705425310683516178896253794519415924518343920677821074619581325244791283969701350216278785412001251074226584793925026814285695240432107035693135618615315473404925392467589709821340584967670315
3	13	0	30	156	016210782468051354245892534043043859168580939846596702785310683516178896253794519415924518343920677821074619581325244791283969701350216278785412001251074226584793925026814285695240432107035693135618615315473404925392467589709821340584967670315
3	14	0	32	1057	067760107221080453163039714324530534497604100632743048594799456934274019924076358251036952308614167825870277286128970766768954001252240315433151096342340720612012878104523054724525218613040586398210458797274972885862910315824987542123047749827
3	15	0	37	979	018153162151803681679964360258931963304395310135242011353401063040727364893102767867278278038564974030472696932081367284312013507518639351862535297404133045431024082022015163399470496818730614487693025876160342887530213947859663369511327958693
3	16	0	39	890	067693407404793439630404390649747249186079587659048270433514780760293720682513972410651307254784960125386046937439163510363047949958782974977863097424965313104251260356813410028275203402140167389340453913955427869895354425122736589424502021168
3	17	0	42	832	024396851218506351349797046842521218872060021811639583694259824030753490172513581831640398596978303695476747494997247601396397652490476670306360270681791874681203116015427469535982857495978821278067822189615245831202518278960106607870289315102
3	18	0	45	691	036681594234450759896123450627897549947074206031797605240765273045843211006681276861678278858119632547910856397882470120283510715214307396969516325459872562491354713022011395989856041201370286670670765181876070260672704254936807816406351693531
3	19	0	46	166	074639596185589442597024937647960749287077966003744307491535273045843211006681276861678278858119632547910856397882470120283510715214307396969516325459872562491354713022011395989856041201370286670670765181876070260672704254936807816406351693531
3	20	0	50	653	070210366945532839697214285142593363153496980115200215310120187607625692434859701512568134075826982781597547821698350348189749668782128670272127215398856939368958945870126801521027962789340593389760450481206186102120103043542104513523468201430
3	21	0	57	536	072210286910532879407066780394724394135475612738890674257065108720230152434859706912425425035894939630625519631678720348547068293109625287043104076043343570122876074064979316788598792782425708467425204370746396969307342186950269043217053861201
3	22	0	66	88	072210286910532879407066780394724394135475612738890674257063126072052810467369701512425425035894939630625519631678720348547068293109625287043104076043343570122876074064979316788598792782425708467425204370746396969307342186950269043217053861201
3	23	0	67	484	072254286854512839687402798640361536135898129370699479633962135981507600676670706721012072016762012878218365891678727068607289716540821021601313003494527204868725147078164739368598185989661523845012725198245313576583094201270725794284731895936
3	24	0	78	228	072254586828717924534470423630459536304798129370690430439742135981504635394524076121816816016152892878510124301698957828607289716540821021601313003494527204868725147078164739368598185989661523845012725198245313576583094201270725794284731895936
3	25	0	80	415	078369426174089453167120726967013349670275021641829580670438132454569205318794060653027874162438590672863988954759784794530436121940076076700310681697253694933697689429857620012458185989663544925524745297244798586513136693599860497398639816245
3	26	0	85	381	025497041868561351395898196706740781861863246805135422455899825898754589296531037920603427105172308610496271683430340431020763121985058794398215886139355981855986918138958621300768932101653284179670245172048959313874520034217660607255486021430
3	27	0	89	307	078396026770806915343520423934016303542748458592961350434032824524776591086681214327601240855319105247281189364013857061035982427782825542746951886136355981855986918183965998359367932101642285579681345182047069313360596872433194947305486021135
3	28	0	92	315	074254796197384024593286158736982593102867827887255985247492185139603670403245246821610218070186256939478341201543700128277289872545821531608212168130035464219852067046934739166708685986116103821351605496393513698587594794278289425275889895827
3	29	0	93	133	074254796197384024593286158736982593102867827887255985247492185139603670403245246821651358071086256939487341201543700120617607872671803859548212168130035494259852467409634235516708682786116103821351602476310213598587594794270289425672081816351
3	30	0	103	49	074254796197384024593286158736982593102867827887255985247492185139603670403245246851627858359841596702801341201543700120617607872671803859548212168130035494259852467409634235516708682786116103821351602476310213598587594794270289425672081816351
3	31	0	106	245	028728671613985407612740132852407979681046472109026183519588682542116597886607219324082793544732968954312303046007067606390767697020416872584706374989705166315893503766707904137946300435495123801452723576310213598595582749870461598780221210513
3	32	0	161	249	068120317943440769306797479427827249542478525474207605314793680676194013725618241828210207701376581207915409632554429634043045339213601351823598967015512423513040340066074789455135899749598761503958944382597827847810961524785336369071682287201
3	33	0	170	208	069245437224585274954792041047972530315948168118683693514251632106986767102985315363593681971024257497416107821503946189858276959037842186154589469307524084391530672346700334707282034972418861613958156359438163070982658670795116618533154452693
3	34	0	183	34	069245437224585274954792041047972530315948168118683693514251632106986767102985315363593681971024257497416107821503946189858276959037842186154589469307524084391530672346700334707282044031318531613958153659438163070982658670795116618533154452693
3	35	0	189	31	069245437224585274954792041047972530315948168118683693514251632106986767102985315363593681971024257497416107821503946189858276959037842186154589469307524084391530672346700334707282514521340037342985153659438163070982658670795116618533154452693
3	36	0	192	17	069245437224585274954792041047972530315948168118683693514251632106986767102985315363593681971024257497416107821503946189858276959037842186154589469307524084391530672346700334707282514521343019024872153659438163070982658670795116618533154452693
3	37	0	196	178	040120433139256061897134907678210815936132618508941354975139788610245254240135431359593618858149633047915525242001421534013515231340507369863095381681811026243518554826075113955427980674547932961403681067870431221595089782159458639014220351827
3	38	0	213	35	040120433139256061897134907678210815936132618508941354975139788610245254240135431359593618858149633047915525242001421534013515231340507369863095381681811026243518554826075113955427980674547932961403681060157821320034149076879458639014225254827
3	39	0	222	17	040120433139256061897134907678210815936132618508941354975139788610245254240135431359593618858149633047915525242001421534013515231340507369863095381681811026243518554826075113955427980674547932961403681060157821325071468963019458639014225254827
3	40	0	225	176	018693962469253061894537258554249249067477529484762104301354273407858691930524749853425430180196283518725169587934202548965894354742295340181070485953618538953159821454520627581207829476727019824076155242035989415541328369676024135930607076947
3	41	1	25	142	204153931261108628761208509687213495012585794984798599741355879478295253840245939451896316315965815898618319850667100768705249621748096012131315185943397236811539630868618579342547829476727044839076165342035139415632398076955469043983507816012
3	42	1	35	13	204153931261108628761208509687213130245945598288794529741355879478295253840245939451896316315965815898618017820667100768705249621748096012131315185943397236811539630868618579342547829476727044839076165342035139415632398076955469043983507816012
3	43	1	50	133	204102431053121042542305123928786187542021631659820430674970392543640023316895188754336970244055316398597341200607965244025428131740594034275315185943397646028593131126701896533153100347253946170076864342035139415632398076955469043216087872102
3	44	1	92	133	106693072040213170685369417227868720479511828607169745989631075898620516130670242806315349760270161021810973048569638727634525906498776618201340730476309874546930261217603115139583066078747270986278517893406185307930667168102506067938621210524
3	45	1	98	108	204021031524835176043590493407630827706184728558933153968618201358176978042872154224081693593648950216827216701345129586748724901598281760169416825431820687729749893766706861580761548725230454420135219361548278234285078693425103524107247589963
3	46	1	148	14	204021031524835176043590493407630827706184728558933153968618201358176978042872154224081693593648950216827216701345129586748724901598281760169406925403723688968161381766706861580761548725230454420135219361548278234285078693425113425107247589963
3	47	1	175	99	202012511240103628769013906954213586201615938216787608722786867820112168089153451806831531781092256810467478591230347605853407994613789369452569572878362789866185140405130221300430684796174310952618542830614306874762904153635803254124081936479
3	48	1	209	3	202012511240103628769013906954213586201615938216787608722786867820112168089153451806831531781092256810467478591230347605853407994613789369452569572878362789866185140405130221300430684796174310952618542836019360274762904153635803254124081936479
3	49	1	212	90	303168544096433907696973639689513549186975283497075421864523065986747129903168543045198513253014426079567344305224853402764307085618986513619324913547512703814251669795241806879639896812558041930524745239696704330313459067984206947596840513245
3	50	1	224	21	303168544096433907696973639689513549186975283497075421864523065986747129903168543045198513253014426079567344305224853402764307085618986513619324913547512703814251669795241806879638132542569544325524041279744304949316759034980207936536147589201
3	51	2	42	72	420034515328417295868451608518679769278134036904318278952450684528179723481859769760730406703146532018160865313034609474247069559368895396183958620131975984813697676957283669037609454301279218401369721570766076067079063067697645542988507396430
3	52	2	186	64	630963049440973518601722170739606970618767402463599365988278931530659408839452761361610218810206137493578350213034104526169745887218207021060227906724828717259360434826076770362109675893039673601958122482427821554047234598707216598309443670958
3	53	2	214	51	310479725842995815369603551235130593304364890475397491867495973040486341102706816943628749019452785987212189360687824307819360621726087706725849521078706736046070330587491836497942430672054895251430139718526810493201613351857452254457213985749
3	54	3	30	23	102076312795088231597814063621079528859874425955896811356935473696920316158816890643628749039414783697210972542554828727819360621726087706725849521078706736046070330587491836497942430672054895251430139718526810493201613351857452254457213985749
3	55	3	40	55	360012879679134543042275482439615343153603069897531680218161246394502765102043510758115306954798969361334547824320517607618596802301140728633693667069687051686935107307948925343964213047053945172340282001062106720742197985348731315271860067012
3	56	3	63	6	360012879679134543042275482439615343153603069897531680218161246074502935168693513958115306954798969361334547824320517607618596802301140728633693667069687051686935107307948925343964213047053945172340282001062106720742197985348731315271860067012
3	57	3	189	37	604021637086361034072598945836979724974354870392431686708959354972161822870012768154913527214530243043561401537096131687619589804517336201593086072867131655897824510398167802215420742543969015321639602813155894351768302974019328067475960287076
3	58	4	116	47	936607696807216798530744977647940535396013167998438617609859354972161828876012708102845207121080253967494162783639960677212547089963531859853194770679790764612879868366397904533511046394328725789589450485319634515048335794018949497826702201135
3	59	6	90	36	135034015139236758960187006928763281067969764030312541356812897603570474697693943021618618028201741353910133152728675422137069507349603760744935895859159583871204293046938915530760611686876129003861248725874974293941678067024363859858915153120
3	60	6	174	23	528396074579824752459588691297470259861286470109218273409360206185118975649287072851849796344270595421854797941668618720614035878136259430182001549793274398075427681213407630048167680120102165189186856863969854360256747102891334670399620531315
3	61	7	73	37	134670105827598224587982091324585306531279470149276931685988137494561765803012740727053136865831965986349138958925940671283969707318651067035267003406063417039582447429852425547492068954713254543201303474729742894513731859458670706544297254201
3	62	7	207	4	134670105827598224587982091324585306531279470149276931685988137494561765803012740727053136865831965986349138958925940671283969707318651067035267003406063417039582447429852425547492031687413254543201309404723042894513731859451670706544297254278
3	63	8	200	29	436012790189625349781876983142595012102108270428303157942107952101845283270947863527204368829507822106754212103145020125933047681980651728134224779479549352614301840121208569631537470674996980351120430660287282713741596782437987452100278012974
3	64	9	37	14	106895272043610369354392574093603012201304275198366398596186953407830671406985272424042593518653127496010124306881764527679631001585293210160789379476529474793403460536819825040677690679307402630210743160287942713599585681395328067492768681351
3	65	9	225	2	106895272043610369354392574093603012201304275198366398596186953407830671406985272424042593518653127496010124306881764527679631001585293210160789379476529474793403460536819825040677690679307402630210743163549587213279585681392028067492768681351
3	66	10	139	19	867542101001422053101932738663961878254728279628359470216931242782502795143618609387913524284597248728569748599724959636941024730512434859703654082763280457310349513615980647898956308725493439606531876116078951678301242607854796963829728947589
3	67	10	148	22	139872165804993603479434350759896106589873215450215311200123604798798586598513156970260721678590984521512312456389354308155310363250947963691843096304034504214252072040430324151683946072767869013861253197944524740537318425162074369944789895351
3	68	12	137	6	139872165304013607689435849769304106589873215450215311200123604798798586598513156970260721678590984521512312456389354308155310360273785210691843096304034504214252072040430324151683946072767869013861253197944524740537318425162074369944789895351
3	69	13	55	18	681034761296703439670596780689597254872524404933768952108951218597007452625340743152718698433410023043120784527904533519353152167426058513493424285985515903878615245305246760471020722102860101728369470412820120779108425693040772958690376340936
3	70	13	144	12	106287272187502869347109437953154396403532611208037492542788546704295302840315939401640398246325949589776041530687426707032102460187769749435276042587069417723049810365891052545422877285270933660947078681276072807892658479396794287865147639210
3	71	15	84	12	302043514518426053107596027221018542947956274308046391538592155894307740697067049343003454012582478278949868614330540673931687668206113396859412158960023051422453561312454907162785273402843134059076789412450215253316158315394530794520474639872
3	72	16	97	11	895728985151633007694427680718616216794588072026182788165311582785935954187396822151287210350721600120786829472758692013584254912248059351287059449767810236155139374972540786613695271681842604579278940136109361281855694827074925034077660607827
3	73	17	199	18	401589723947469320186681678974945130012542514303044300431207200672185813960043677252136960433950684976187212102081867824783968296101328369675447270618978764208725112187066007361200162012827070867861607218206182176723085513492496693077670706985
3	74	18	185	8	270425968182567412079104739647963240067439589759492879472787850213921546027706784982815367799544821530793180765234600763619361896897359749685485260704976704070679616600676168317284940340776351012403400239426189576533010043420418396636968531513
3	75	21	100	4	281425967482597452479044729643013285430395784392061359473157850213921546027706784982815367799864582103997586395234609743619361896897359749685485260704976704070679616600676168317284940340776351012403400239426189576533010043420418396636968531513
3	76	24	167	8	027497681804963528701452051278240589479853945907828166072450284259710813261254587034054243075326150439334249853916687606971203436491970425868758145276968203745315934180763145821201816393669698331760455489345247069936361681585925034820796963728
3	77	24	168	7	361120689879754268135031022460785874120399244075361027494524303697406479794974977416925493857019632547981636395412403961856185968971145936823472594704816826159470325066070796433042788597285404935425819374599367828036740479436042315868182067067
3	78	25	55	8	025287241287102593674949407653120851287431939656347282107608746706921762001102129861396345890445392789695700761052349581875245263281976287408721054202031244024525135352011335310218155895369818361369689594797820496167382186975845102314513425589
3	79	27	53	5	035681614787492093631945492031581281102766708276797490347283189749651725382749672859740394896065702789661030347086312784243961551873325816947258196306934266594307885257946730245890784970269688312670405139696394335792140513536885749033410102531
3	80	33	166	1	870749862553341649798305412734028067369707744599251860344038977602451105321639600752739698403163582104940436702718769631283152704453325816946958140306974994788597225105422758890344023403139404639278165107496394798797549542476827728588959958531
3	81	38	112	6	535287211886261504393976770193602459340781256834155134034791872878260284772254982747934034944027353406174032544502815892494528758781920728518252034021491237065982734060670374896706079853672134859479582036799852407409634278105115043592895278513
3	82	40	177	7	274872798687712096351943609578218521201306495237407490437283121867058075963618597059724594858789210674096494977842359631248954501273289067857697651360479629350436187457825968811029316393569678302479615931065986725132451102533585749682110102681
3	83	44	194	5	601782827870726924543610627916874152681249360139200438618720792547463939967947408696768120340200125134024865310374393157876934225048431067954372067061897655047289360391861896636070406189330526440872532770126074025953481153061307816015263749985
3	84	48	215	3	670728960153021394785169724086103103816044277698033692548590792543461045831936158721640398076806137493572633690334107287876934225048431067954312021061067637047060320595981806472010406189330526440872532779854306952740493043061307816015263749985
3	85	51	72	6	203816041378052463985519548185976272542580874562273049583513545318212681016782180289521078516083762104031409637630343151318274558941970524760286879451102022103154254762101072580129408721379067470369766953131682552740493043069324315602754782936
3	86	53	159	6	986872515847699389586021315240354639859862985375109630121866789585201933261958789604247985395486217607089151535234601354933151678345201531025259549768850219124036085399363145727492041020310183260947873504783698294590781524961824135028147369816
3	87	55	159	1	518816363693796842581606007479439453369816215380120766707943155139358681910524723920710206161278048959367066079895687607242782581795649681879318528769670240134034595037941260271687896818525604479479745302401681354672207681067002351894595728816
3	88	56	76	2	679861040625874227825344013913536104304939247275895422450349596706885791942607454335215354121370526812449536811230546070123042021595089681251358594769960473362015925532013410822544247061552874420430313997604794703789427245286785369451239706760
3	89	60	64	2	134895405125534321040743034734049459278987205961894304259471022106125791442607950336063987965493277496849535316831159474723042893591686681811358521069987425982789535952780687823514247061552878427425283997604794703789427245286747369077639706760
3	90	63	172	1	979681544535121816876530736120158216076989033464015898721027874031227526849135976002563974134705940342716105423420812785394307618637696607036907924594638519962874374729589407066394247061552877424497953997634528902701163153591218706280735861760
3	91	70	126	3	702403516115383094724185859472897496782534794574209632016182510210340207318425160378967035244225584798945961539835515426129582089794542452454735906798124570288276739071861240033964590672820856198315353131285249702767106102077847589311574639452
3	92	71	111	3	982351075325914518682437268915395967304208395956814300760671308169452340402315212059394706876002726187807611686067208168671863010956287201022468294707166818166816851877826178121537966810349273785210691803584524915591382706979436639634947479067
3	93	100	212	3	315936135387612881687122897472859439076368019662309742540432164036806983754706027225370681491867682106147399366158895899673043034015028693476858786152963073403696304826075918965136021868176131058067697482587606940761306186971898425634963479396
3	94	103	167	1	215021030120221867016478106754210954497022816306930433969742875420279125402542519460334034764070364034903781021345729749673043034019025681246853985986165298430672081970344512108166017068276131058067692404783515296349306936979798135634974479254
3	95	109	141	1	160034978772028112016408166734070202816016187916407285133042064978718271682403973996776020361289075247604762102445029638536072194815763210694074986187966893156815331421355321101356037067472047839542764204283512751026313895159728287100298315254
3	96	115	238	3	813706156185889782724495163006704493706863701846675982107493129476051075369985135476895821017462972010495931862534307287274252881432607681868912759878032104073697645400436178024527699585303950481827968943030672445893251351039634210937615403153
3	97	130	131	1	120531010420031647968431230603407120827016076806137491350123635136996941372706985968907695133445075989642682013521309853609740793300642618156721201240025241475986904748591335314031043510325204413607952759618595830893459369783612340686149287589
3	98	143	218	1	368120619776840136972798126924543982816870511023284790674032854254970214607598164302513594138645121531018532015889257063609740798392560618976330759896475889975247449277285472984971043510325204413607952751603404785392960315873612340686149287589
3	99	148	226	1	368120619776840136972798126924543982816870511023284790674032854254970214607598164302513594138645121531018532015889257063600760798702560618976716928703876382955987851277285472284034257287452210403340344593046701349288772974989501452406395598728
3	100	152	177	1	767963100653071697498065371563943158278790342730812549367287424793593635693513968131867016542822782787227014524320811689604302731106527403184334201215060137258160406988959613356076163047889976549034277693036182443720081524365443340788225974102
3	101	181	202	1	895513585310112072861368257445249069340137722088163155989749867940151352310210423402031531151633867940120405139598252019604302730106427102584235297454122070166076887475894927184526107495289874520034213607026182160722787589420467210708640513693
3	102	184	187	1	407245363516918598539936780798596536872793168698130674256071043045321216007304363595339631859649300347467984255998952109604798736541928067476331297470599368676072089685315918168956701203604497372681581386741028904707369749633669693792495958859
3	103	199	201	1	494076877410592849747939724789549154076127368109615242786934305427402814169872033601043012252814765897049250343420614972064979716453825315943127086106892045133042574390762798458597852458925938467425202082867060178795243315407679794514352304210
4	1	0	2	4636	030760244710092716858729467221078010369722254744978955248720101201228247759340681021887286047473963040320428956158490212138161507820672513985498630451582879787285272761202504437289813047654940276278702593172825697033693696304633697630940435289740745341206985472789855986959106827607288743430690363749782
4	2	0	4	147	036706894710092716858729467221078010369722254744978955248720101201228247759340681021887286047473963040320428956158490212138161507820672513985498630451582879787285272761202504437289813047654940276278702593172825697033693696304633697630940435289740745341206985472789855986959106827607288743430690363749782
4	3	0	6	4041	049782073015443542521520132185960704425937698743278956184523696395393850697963946897260768420615789631213946076760073153024520143160086974314328706782742059187947606341209518066070601354779283470947964530260721408113638596916167280324357284589743920026110076822179534036181945679287044597034279868351102
4	4	0	7	294	012749702545142042521520132185960704425937698743278956184523696395393850697963946897260768420615789631213946076760073153024520143160086974314328706782742059187947606341209518066070601354779283470947964530260721408113638596916167280324357284589743920026110076822179534036181945679287044597034279868351102
4	5	0	10	455	021706701602981845276250132185960704425937698743278956184523696395393850697963946897260768420615789631213946076760073153024520143160086974314328706782742059187947606341209518066070601354779283470947964530260721408113638596916167280324357284589743920026110076822179534036181945679287044597034279868351102
4	6	0	13	3556	013201252104803651349427660472813106513975216730064970675896357945197210402315218543427860061307511206395364791042955982407494358787920168513676386159073146536070198527940334208953065312745029216430189516336939876982366187993288278601421862031687415208312670409703044970340672301201527859618138594497542
4	7	0	14	337	024278251876160315394987660472813106513975216730064970675896357945197210402315218543427860061307511206395364791042955982407494358787920168513676386159073146536070198527940334208953065312745029216430189516336939876982366187993288278601421862031687415208312670409703044970340672301201527859618138594497542
4	8	0	16	3113	049452073416208504349877258916895520369618453592159850432780797820467186063794395276024587029581822786734108723669033402071027610867210067826703512061427415933513640862016730944035493698721542024351253024501252534791970435436208610403247496103695286897152782047493066818749698735396011610452132542245598
4	9	0	17	480	068425817696303410210782798669361520369618453592159850432780797820467186063794395276024587029581822786734108723669033402071027610867210067826703512061427415933513640862016730944035493698721542024351253024501252534791970435436208610403247496103695286897152782047493066818749698735396011610452132542245598
4	10	0	18	2839	070425866995438512049137872459825945816824701536303409745312408160351786327201582742172860591578343961001587493916287821615896881365694827076116852401863571109635278937067640437821823154760202715340630401872876252724814030679312453916780349458270274673906895874259588725987430207168762560067529418076254
4	11	0	19	232	070425866095278718602131513489530945816824701536303409745312408160351786327201582742172860591578343961001587493916287821615896881365694827076116852401863571109635278937067640437821823154760202715340630401872876252724814030679312453916780349458270274673906895874259588725987430207168762560067529418076254
4	12	0	21	652	031425854995778218607036349469307060245876799634307499744302408160359786827201682742172860591578343961001132453195287821615896881365694827076116852401863571109635278937067640437821823154760202715340630401872876252724814030679312453916780349458270274673906895874259588725987430207168762560067529418076254
4	13	0	22	77	031452854972778218607306349469307060245876799634307499744302408160359786827201682742172860591578343961001132453195287821615896881365694827076116852401863571109635278937067640437821823154760202715340630401872876252724814030679312453916780349458270274673906895874259588725987430207168762560067529418076254
4	14	0	24	463	031452854972778218607306047913524070245865619638307492544302408160359786827201682742172860541502344301002131353195286811615896881365694827076116852401863571109635278937067640437821823154760202715340630401872876252724814030679312453916780349458270274673906895874259588725987430207168762560067529418076254
4	15	0	25	2382	061186987639706852431685402420125028497974154523271865981534947069772390867861603536945253974584258952489314252758593159304795468896158513596879521068437640023512139011029845028163635427995898852479540740758936356911304253427891357228071689815249658702960315870482797493481673601958127427958124030034639
4	16	0	27	2167	061607287682907845212250334002153436201691068587968164034792520439449685713618255110789516273408045316342583697479941359518610387286270278768736160728988675180213627608271072987280347286042158531168955398776012532761819853604977945849975133604306796797340861534502061358715952387985129840043617802021425
4	17	0	36	1023	020340211612980407613315839370696602076813761890675422105896120436082985753618215187072816246705068724712746394003944309518610381286670278168736160728988675180213627288277872987280347286042158531168955398776012532761819853604977945849975133604306796797340861534502061358715952387985129840043617802021425
4	18	0	38	355	020340211612980306724315331512043816210180672860785135425896120436082985753618215187072816246705068724712746394003944309518610381286670278168736160728988675180213627288277872987280347286042158531168955398776012532761819853604977945849975133604306796797340861534502061358715952387985129840043617802021425
4	19	0	39	1813	042452853478302094761458207054216682974078163918604254972876317061594822770012862163094794974224541530230356813195183044983158570987652287046752182760430300479634906367490334706071673401082214703304949572198520874282517601368957280796536819707289640581398760451245492870720694135728615442135522436859102
4	20	0	40	116	042452853478302094761458207054216612974708869411769854302876317061594822770012862163094794974224541530230356813195183044983158570987652287046752182760430300479634906367490334706071673401082214703304949572198520874282517601368957280796536819707289640581398760451245492870720694135728615442135522436859102
4	21	0	44	1529	047168793928767872812020647410259536974398160718688618611027016398267510031021255293640369679320689743176866812445523405934528687786220974511552881697473049436074067703960374394300691539370613681351868512103420045373125896051944972110726939723047842950586974211863609472795814867396103521120206128287861
4	22	0	45	148	047168793928767872812020647410259342479458067017687608611867016398267510031021255293640369679320689743176062872445523405934528687786220974511552881697473049436074067703960374394300691539370613681351868512103420045373125896051944972110726939723047842950586974211863609472795814867396103521120206128287861
4	23	0	46	102	047168793928767872812020241689528342479457067007677607601867016398267510031021255293640369679320689743176062872445523405934528687786220974511552881697473049436074067703960374394300691539370613681351868512103420045373125896051944972110726939723047842950586974211863609472795814867396103521120206128287861
4	24	0	50	1445	043168103060447063976970736021047763245499032464580128594038285249778762204351037996052427355491240768513877822425942459767827042810567861301620381674120700639476954818169447397827638163901970242210155801240310245825989742515729584360476931025428120702168278615131045986325132454452527031245286769403936
4	25	0	51	135	043168103060447063976970736021047761254289065437243048954308285249778762204351037996052427355491240768513877822425942459767827042810567861301620381674120700639476954818169447397827638163901970242210155801240310245825989742515729584360476931025428120702168278615131045986325132454452527031245286769403936
4	26	0	56	1069	049135473428707620120671698772852821958104706736019580120345359368110161285135491897231518493487075249602522542798358619748598942520547861392702539674120200120121081616188661281867638163901970242210155861298510893455047289379429855351637941025428120702168278615131045986325132454452527031245286769403936
4	27	0	67	647	049135473428707620120671698772852821958104706736019580120344359368101160287168721897261858499887517606302522542897948618786181224693531452456702539674120380475243981309747268617067638163901950281120165361298510893655947289770429851806478161025428120702168278615131045986325132454452527031245286769403936
4	28	0	69	1108	042315853696093182745012071643068102201511203621977823042108587943994035742542855163182795984295548724207023514997549366039587479256449135271310453103252584471203903138952867602547948596747349904278532503115345450312439587036344303195687499596702882187768728214234530430121426059531280428287200172728153
4	29	0	70	942	061153587412090251361348237903404615827033866091764301200437062104763301945135828285195863941037203406134154032798856701532543131010524639851872881607867601033402469529748995589630277606816701863452790318760742679660317821560286070453319478137949569724387794026824025428139727689043955187542611886861513
4	30	0	80	689	061153587012460759816348237903404615827033866091764301200431822104763301945135820285128793944537203406161154032798856180182543621020013542159489670603527604033403479726180394079747604306706701763452894318760742639469783158260284971593766076987943539024610531825404013697239497670369368687542970418936021
4	31	0	82	682	012287402595148240307726831274960207186767100262138952458276130124585531912607405902772878152113023040185030341335215898932458651956389430450225278204471269037947478682017228970127604306706728789859454718760742639469783158260813967218764976987943539024610531825404013697239497670369368687542970418936021
4	32	0	85	744	036287494598125816879164532720158597287249868931544034528272534976142038545693126931207630529374681203185475891072586393526070418689613168151682072861741529341536013454525381769851672453089167589043159770225431670340424521540248959336390438287942779594489670355324955421879047430963042787542014286351618
4	33	0	87	714	035287614901672730498955331897406760816077027281858956398275122876030076468012517696867021351231011535220276181385492014202453154163286794513085379421965493240769563300344370867496128594087746297201044579821015472489529747467200215351931204275242852580497963048520351868143106027706789681396133576210693
4	34	0	88	597	042706353693796842581106700460763825135249784352014300122100124797027424859479588589325406583969635985918695136913853963456398207599686531811895386131825857941206796747493669039634033153435102120315315436116878972494537603189545429578524254530128120761102102015831065312721033040043439452254020168021497
4	35	0	91	533	030749344369403987216358905839679595816784890275164036181350123407021683015513435918904315605967817828674952786007165899317282563725982043670145394721278198638616906213404063398276740763907956687201829463479470989325689742176700764749076701613045887208216210182153951869869395368794019402681766095278607
4	36	0	109	444	074607696707806945213395928786102134872401585469200765316931828720768152130315348107947974604537258160449673407036390676348727098816567304209578185976274228544527235319856168816810136189527582897589545936702130975904873697286280671260876810784520263181963254799734740768994152734958209845452748915153245
4	37	0	115	87	074607496097474043063399734786159067749608793454020432016931828720768152130315348107947974694533258169449677607076700676348727098816567304209578185976274228544527235319856168816810136189527582897589545936702130975904873697286280671260876810784520263181963254799734740768994152734958209845452748915153245
4	38	0	122	455	035497214089335135153861648501259694936978393456015317821029357940167360097861248198579459592148023516185364793501823696340343098037549542470101513513253184528725416428954927287289454974274982958974798521647978044953796815403255247449277944200678158255942245857430244039518602678278123159278795468021895
4	39	0	124	255	035497214089335135153861648501259694936978393456015317821029357940167360097861248198579459592148023516185364793501823693981202568137159043587418103406683151520435452428954927287941026070128632794958271621647978044253510340301277285849477821318278558255942245850460247069518362694351873959278892598245936
4	40	0	130	23	035497214089335135153861648501259694936978393456015317821029357940167360097861248198579459592148023516185364793501823693981202568107124396857418103406683151520435452428954927287941026070128632794958271621647978044253510340301277285849477821318278558255942245850460247069518362694351873959278892598245936
4	41	0	133	10	035497214089335135153861648501259694936978393456015317821029357940167360097861248198579459592148023516185364793501823693981202568127104598637418103406683151520435452428954927287941026070128632794958271621647978044253510340301277285849477821318278558255942245850460247069518362694351873959278892598245936
4	42	0	151	360	035618514994577234068301082736958318076069547472962014034253599581816689815681638130158972474309014258260437607934700674305427401856298210153482579494707426975893482188166369036075274251840312351304038536142598988915523042406217602495584976859478915212304351532534060342736538912076309404513216058479947
4	43	0	204	314	016278582894677801282037218740352318670164592478592455984255348276012065074827695116924513853049473963974948271395686391032010427249858351694085195813936056792870431045139376301353699360396781320524016902063981155993866396143585890231854300613045870213601351822549317061560864715120632874639674093936947
4	44	0	208	294	076287406094177052496123521849786318670361584069312872450212814251676351016186780367230478079726476818910989851230545425311863512954087396726102539694163508164795882952785889952871530670131695534524209847925404973104523152485437603115538598205318170614685021894294357285103961436782594053351252463859153
4	45	0	225	273	070618966751903568121280241849796349936873011352514305137601513696334393061452188796835101362419539585197602877630345248131689568522140513539424518672580169285136793672105193060760687945170247652589345249631593708916538593185068276087527498799747421958085497694251023403124493570749865406607633995168452
4	46	0	235	251	070278966852514978207686993669369249135873519653341203401687986934545021218760165895267074896085792542481032541836593963526810416203815315937482759818746009741358942399360627588959707603649473795618287076704360039864591352896966939734709639355428163785928693672181356812158037940067439461728409360067607
4	47	0	246	210	068794317602301054212540697882742397120345614238598611682876707603604405339186967228543039744309014258210520346359787823975420461106828315979424943027591868676072061586390493162787454307294670706278271853995816106972393401686538611836898618129852063435902043617458729859820872120816817281816988515693598
4	48	0	247	27	068794317602301054212540697882742397120345614238598611682876707603604405339186967228543039744309014258210520346359787823975420461106828315979424943027591868676072061586390493162787454307294670706278271853995816106972393401686538611836898613421863503935463012597458729859820872120816817281816988515693598
4	49	0	261	174	031102154707496360749207690730476530479740124210527069741681600340782394760430674789668103592448532016115259742031856934317828502784127598686970142582639649300347407154032160979364287286752184460135277642178270548652123401069957289895284034303402403161486782513003534976112040036076796395618930658479749
4	50	0	270	49	031102154707496360749207690730476530479740124210527069741681600340782394760430674789668103592448532016115259742031856934317828502784127598686970142582639649300347407154032160979364287286752184460135277642178270548652123401069957289895284034253152458429953168513003674031093545624021856395618930652974749
4	51	0	302	156	060760477831525103453721395807639369531036972004122104308611215897004420354034026110661897245155310342582134256198452871536182130786428513075901528763280297155894394874523669032871516074334930061021282430258961473629971863478139858702014529633154931212507589865361608618782698731369457610872810672278210
4	52	1	10	16	104827632807576143068591395807639369531036972004122104308611215897004420354034026110661897245155310342582134256198452871536182130786428513075901528763280297155894394874523669032871516074334930061021282430258961473629971863478139858702014529633154931212507589865361608618782698731369457610872810672278210
4	53	1	32	156	701287426795208130436619487620160069135137793644958275988612864302179108427425289312130420015202470678921255248752547608679852018476698618152031861876512833702451667511535301822102891682572708861369583494561812796364976079439970345918767060122107024692534351300613945982760761702706017035021044368201076
4	54	1	65	153	201153021049127072876340726798540340076033067497949744970678522540494319754076024293689549692743896704530474790112202547024796163356913895858987052406273988618616815597287934101538705139621675001936722424978207531841637068952937069885592542528167443079067043400676300679496471393254067886681933697794872
4	55	1	72	120	602749317663709802125544907278218698369356396136852104792100684795176859098351252121640368029471743968970931860453517061605240789317552681341831559863531241024520185541023034203698795420428121706186077059339686891285070213661169583669931686063159779855494425278293686182197782420210316718186983540513670
4	56	2	145	114	970513064542125816879204532798518310513026534291531688611201352102151135351135133587610240255814951352876131358579742101312872559876827607286047204358971804677603052633690706479743944972761862815749537074349720968503978615469309740142259635158270330677406403074998585136998949576034206396153068743120479
4	57	2	284	28	970513064542125816879204532798518310513026534291531688611201352102151135351135133587610240255814951352876131358579742101312872559876827607286047204358971804677603052633690706479743944972761862815749537074349720968503978615469309740142259630493518730677406403078947479634993031645531820196153068727728452
4	58	3	135	75	703043946960337420159018661582703704497934604537219581202781352872159818861861689682459895725108368727976956186178424300691536374970947067498667204358021301525135451938160706275133984979568455121135305360135152763500128167039799742495688160493518730677406403078947479634994033745012820496403068727728153
4	59	3	210	81	728021878667910396354742837220158035794219455182363157499853169749858765902043610760376024721358591861895690436821601686941020730131452403043006879401793964685130158025316359287491078279628436703598248121004342020781619635834612788569937606721025804492370816961589745987940202315340437415513633994067639
4	60	3	296	74	360012079415273534061218752469315354102023151013283690670345811860693740697963946724306760530141275986893541024769137069427493576611082607675867918604067477947949759187063074495982548594243741095936782724904347580219107285278853694215437824582786920127102782012858259853472104827497289316958725830794076
4	61	4	19	55	436706390298115210204763004220125594403974826057723401680340311869543360097861246147407679950448390761693244259568811860492458730973440043037658987215950418367827949344302485496077698594304749396936938743603459042433512540395973041628477281606186781128601760722882027820112164087396727936859280702861974
4	62	4	215	4	436706390298115210204763004220125594403974826057723401680340311869543360097861246147407679950448390761693244259568811860492458730973440043037658987215950418367827949344302485496077698594304749396936938740603427345430212543095973041628477281606186781128601760722882027820112164087396727936859280702861974
4	63	4	265	62	676706300298115210204763004220125594403974826057723401680340312878543255043816706902543074156013704251613214300647891358941028751742394254073586396349120780610676896309741698155133065989747548925396343079349786452882722787867527946027283407614525802407136706893695208615149356718816067998135154393706794
4	64	5	185	55	589430259416778974945602798906745407245962318705279636187945363045912247054396727040779436310685760124047583692847393692791860489787524693155198740352521554311352563949471385496397289630781436603497041060306724748129603158795784520334207281065318727679807245969830274036816971840425936974589436021670153
4	65	5	255	10	589430259416778974945602798906745407245962318705279636187945363045912247054396727040779436310685760124047583692847393692791860489787524693155198740352521554311352563949471385496397289630781436603497041060306724748129603158795784520334207289596707889617589043154230274036816971840425936974589436021670153
4	66	6	43	5	851782039416778974945602897679470407245966308774209632017945363045912247054396727040779436310685760124047583692847393692791860489787524693155198740352521554311352563949471385496397289630781436603497041060306724748129603158795784520334207289596707889617589043154230274036816971840425936974589436021670153
4	67	6	76	55	703452046318096796360157842815307860531076102772826816073405368958913941572304283063198595968183692540360956189734409470454970231633596693138967415369019482793510420358619558393516931020634182060513474901668168218180610676812853693916186704930431676541025531240234280128754783224607856178102857982947618
4	68	7	196	42	634120609770646128798515204953127943340108722078103694523041580676935029116430281515459812366079743963974682018772686397869853127136859135981596886121360699789585213300342534401355932547689956587403121227916854859749436074030530214053313040206395110827274497894578242782576791043452109706287450234210524
4	69	7	205	10	634120609770646128798515204953127943340108722078103694523041580676935029116430281515459812366079743963974682018772686397869853127136859135981596886121360699789585213300342534401355932547689956587403121247906724958748206395130530214053313040206395110827274497894578242782576791043452109736589450234210524
4	70	7	245	5	634120609770646128798515204953127943340108722078103694523041580676935029116430281515459812366079743963974682018772686397869853127136859135981596886121360699789585213300342534401355932547689956587403121247906724958748206395130530214053313040256930410497274497898778242782576791043452109736589450234210524
4	71	7	274	43	521936704202051304315513916076027943340108722078103694523041680676185043936396391095459812896145850213972612788661687287024036168976140872031294381670740799689585154810762485391023955249861726887102724098630451542702869745174586399885396395391530612498079351248639606702730103425210346167340155378012618
4	72	8	106	28	213706950436339470697404205907678042607852352841709361863152165987802271186985313460270601707246874970215709368589154030456181230687416102583630258981455492283510770062874927683960366074943941070524367254581672240675703698639156937904131867274972882895751430634793596397815454327396986194827797472598598
4	73	9	16	7	879186742002311004352514245947978043618702352541473965893512165987802275189985353460270601707246874970215746396198154030456181230687416102583630258981455492283510770062874927683960366074943941070524367254581672240675703698639156937904131867274972882895751430634793596397815454327396986194827797472598598
4	74	9	292	29	695728783024345906798435341649798604958535729548823510670213129587053210103542044324758949587279864036125341200324853043421028504780324936951536904313935496283518770437606861289369366076963041930728547953542531101032256187447455425294977498987603553451120120211324935427670851698369350125524303410102452
4	75	9	302	7	695728783024345906798435341649798604958535729548823510670213129587053210103542044324758949587279864036125341200324853043421028504780324936951536904313935496283518770437606861289368166076863041930728547953542531101032256187447455425294977498137943563061972304786924955427870851698369352125524121012120430
4	76	10	199	23	630936749601132052401432584218615897186943543602978613040217400210396248359351581013007674580679748958961617283996537283980761569895354425122772593634829557819360618289476047791861042015328399767749403434067013032854725425869450124330944036013045278282274958792593596702815104320639614797524041347859749
4	77	12	23	1	670936360795068112076430667096396897186943543602978613040217400210396248359351581013007674580679748958961617283996537283980761569895354425122772593634829557819360618289476047791861042015328399767749403434067013032854725425869450124330944036013045278282274958792593596702815104320639614797524041347859749
4	78	13	183	19	495210287615303430430314093518631360513675989795439632105244965986379138459452583013627869531001277602806150435978729473494524706549728254978521603428015122306187498033042495988950161027821878021963407485120163958948594795827167280394975984362786901150236278790451893402563101920728517672958242534340430
4	79	14	86	3	495210287612800651347349613598531360531675988695139633150434965986379138459452583016320169898675103698249150435978729473494524706549728254978521603428015122306187498033042495988950161027821878021963407485120163958948594795827167280394975984362786901150236278790451893402563101920728517672958242534340430
4	80	14	155	22	028728271376450235131795402178210061728682741559391869364031518595336878921067403678563939206871129853015611686389456933491536701980251524538960482743769810527067452026816118962544940769776301043452109328943025701066274039863180765204533695952872885879927043689640493518730676403497948958479314572728135
4	81	15	68	18	186210216718406053127898792593634940618130766370980214255246850216910857294497874213628789522874729852815365890201721533426703501420251425438521603498047203877604298025317036598956183967681078661963985479720124470249101358260165989518768275402786328152730816046947639634903060472012589787542930697974034
4	82	21	111	23	216076980234810196352074779621063607369869765230498618276078941536751936360479672094754279798964536930193981351052248169854303958492970816361551297420395986893518586874526903945311690670385693934706303416704360859699369363993811867469637061346072058866913396353989865310158201910728529621760214012430963
4	83	22	187	5	282589677234880136952704779621063607369869765230498618276078941536751936360479672094754279798964536930193981354003248169854303958492970816361551297420395986893518586874526903945317698610306208715396033416704360859699369363993811867469637061346072058866913396353989865310158201910728529621760214012430963
4	84	23	238	15	185618596093676963943390473534061521963608429675308610346813961861369818369859631660730496727458933159660857498985392870634978976251042304356152136970404923703151686983155153816816078270674615981034768287215368249695349742043126703054126701316072554867218120162889615245839208616618180769153187649607076
4	85	25	65	18	428369675236149678253101305968128582403977986325984799852108962010352245459589787239769394686071746935947244250201825897200760189784520639816170789596688951588953945977947640637826311204596397360369670639551368699683357940130203516027289745433403027420852012740118606704713359518351366116168892549947728
4	86	25	145	7	428369675236149678253101305968128582403977986325984799852108962010352245459589787239769394686071746935947244250201825897850435928152735340612139802135685451283968770977947842257066311204596397360369670634551302024041357286136401536087824795433403027420852012740118606704713359518351366116168892549947728
4	87	27	127	12	478254529621330639697954997081636936589599688951523405248164255987458201912706308627907634899635319589543868615442852107688276102074167895307253125495127850286934731150432495989855932107686670103245345821006702036714038597472478592081965989684793134673004607632070356185147956987304723110102490753861315
4	88	32	121	8	968872013512910643027258782102160816598187686321944526074302024793110683216794588278601251274068312872581946075928470760401206339796649531871806315349790134203403115633695254529630496812730026418513065482052401703616989639513277282798854259398728661746893396164058769361025812460513079398245788212670936
4	89	34	166	10	068351817869723630459968925335101107304062213500128166703698109745260253749369476127653120890455340213093547824967401865971027481852694153976393553121630619761863018401535442453965159851330356418210369427407689821207064794795870123996932787864796128309747749490694767061098816560872477615513875282947670
4	90	35	109	7	202186011870966376079764053620139420542816597938407491530347034527463895953315811627945204891045276931887216700627687825271025847452921304706182553124780612701201618583699693861865159851330357418120369327407689821207064794795965133996931687864796128309747749490694767061098816560872477615513875282947670
4	91	40	102	8	020369811851163668189785264549702534497401189766402785132785122787039247652589348259345216850439343047010243154063698726079851670313654201822025386131455282457945298248954769433151866930168497174895393598660721548272747945978725983689850127962010342254543403107282437061058857998425854235021822742985985
4	92	40	262	7	272513988263579301286041345110253943760301764080357945313969826704751300343749608687896342210100240343512424254759182102875897274437904497432052435125430460399367627595983094076188685130113494570531366815827869311635850124927104524987726181022782124799543861308502401359354817260067874207396942706287895
4	93	46	155	1	272513988263579301286041345110253943760301724308049365133969826704751300343749608687896342210100240343512424254759182102875897274437904497432052435125430460399367627595983094076188685130113494570531366815827869311635850124927104524987726181022782124799543861308502401359354817260067874207396942706287895
4	94	46	264	2	272513988263579301286041345110253943760301724308049365133969826704751300343749608687896342210100240343512424254759182102875897274437904497432052435125430460399367627595983094076188685130113494570531366815827869311635850124927104524987726181022782124799543861308506047069374367998827453107396942706287895
4	95	54	191	5	078497026963539452407516389807615853760313944307049364033969826704751303340749638643678289017402945310712255243916682109875987258271982607474079768104432750829476724965133996031359617825831400536479896395182763810736690670306023518589454970741204961350816872785921070431620536110076829452974429578782287
4	96	57	194	4	870963962869173052494787066112078961728982305314165892782019355428163724985728592851396315365489210674093405135839360768937061659873821452704930653187426045706398697863518661189744012878230257440963036812861867041293060340761162782485696180102454224289576531303913475245902280174936898587012547258589369
4	97	58	294	4	594102478258079493607356017024536251706139458682157941531203691530394409734278208102067031104932746078963875423195583693974035461180863542796904315310355981855986918725985442359360454978231253549369878196953153343620988721561252540221301682180679602400134135301218206393176671002607614081186347035861403
4	98	62	172	7	697102043115053687249697924042543518254060313125548597823967400124398592585749892440235121390476303693440477498539061539517601385212901304728597958974494077301682452040436801527940431686035123106598679421086102042503422104574819364053214793474254907270681827068201632453981120607861860776120277876120076
4	99	63	197	3	697102043115053687249697924042543518254060313125548597823968511024398592585749892440235121390476303693440477498539061539518594385762901304723997658970494077301682412040436801527600431686039158636210799421086102042503422104574856395402214793474254907270681827068201632453981120607861860776120277876120076
4	100	68	70	3	016430782861178230497954063915396213895153063697988592458618285986770107620369315486798520134505279631828763403521608276048721379047430963049786879451132545499742758541029306877494280768753161182102072812489525044733958169872253041658592783401351304310351021534258109745269254340135136363479312554542859
4	101	70	128	3	015287632101202130430954003110215213895153063697988592458619455420270107624693952786758930136905315242528763401896432876048721370047630963949786879451132545423513551964038712100434280768753161182102072812489525044733958169872253041658592783401351304310351021534258109745269254340135136363479312554542859
4	102	70	222	2	015287632701682831597954003415340213895153063697988592458610762786061108827425980320689587139305615242831763401593762455278959840891353859614510720106202561499368768722781876200210157495320874120936812418152496677040673967004037949653611533970213463540927963688742065318715632398076959434340611802861827
4	103	70	248	5	125827040763269415397454083410270518895966398536952102782540797825461406839135965221689518063987617606834983156339163408582104998347506304276089493687521604818279601726186821308729684520130184460135279613469310515323189740676532017872784303076931640531316681584994017828239705669287036182287792487452278
4	104	74	160	4	870974962078212554204693410693687672859582048253741207493408285136770934660531876152886107492457510349313139855234609854079478635242158278699534360740069377681206145946079306877828941358752947479542540276195868031354530125134983157218362109315249561742897985940782477494953701160728679640153672087012963
4	105	98	212	1	870974962078212554204693410693687672859582048253741207493408285136770934660531876152886107492457510349313139855234609854079478635242158278699534360740069377681206145946079306877828941358752947479542540279594768420305435424021983157218362109315249561742897985940782477494953701160728679640153672087012963
4	106	113	137	2	018351062820271534063949673130495316135288524074303699747948962879351400331425151376798530061837619582825527944370762547259472481815663210792097869312405243455240254434307469130126949742735588197120249695135103822487522782435390764552545315359368110184260135471686741354902278182076870663479398667210287
4	107	114	129	2	879639342468551869316618529395876159043680349530864978618727280218787639296430137085228724958718288616772241351503041686343043095029818452763586074947107232890678531785426027983154305242407589693168161667802152063917687606174249859845825896049361379823479067940139726076840074369076931676430275851693728
4	108	115	221	2	182254976970436967043470172807607513315256394736952102789583065139740684310531528901670698243455027498179134250443602547816070625638497120342558295867931056286939747695131042457498677824018537610067022447627820977604079630603820670172782549308160460782728974972559698596331363594304278951153243539816245
4	109	117	245	2	512210703960367976074069663115395981706368519663391358167283611861898827570861366702872897165818955316879429854967103049875428252768407120369878568189216050786934297674305968512546899631518537610067023447627820947607049360303025318176403048976930452450424430354215153406331743594304272051153313539816351
4	110	132	152	1	074135496325494739639016801554213942782855797684071209362780157289324515531531354325801289427675061024768429852170962014510674321948079254348530410213430360436934039165986067303962591352842405539681366779697403423955697824304545423906074033185240654345201531027213475247907978647021898642425017274589681
4	111	148	167	1	767497200489735268154432495904368521186101408223748593690670457828230742495947989768679421135805971689436312459518767492864798170592681607060328749702726308964795340010126770160430697606376798042872153534712069017832256187481511535361988165473968924160582012474713615896893351618369366153351699351963598
4	112	151	162	1	258497494996373195825534360495813010618525249425743516391204933969679305443210306159681603827047631028982784525472582876877494216781825135949625916878402813765896039984250736799362524035447188969958531596170698343530163967821022010152244303154979358492970816368504963045372207812186107247589592861278598
4	113	151	236	1	015794532824275170603894779847945518254362300214167829585983070679647436901985820689760794514383075240661409636710722787894303527438807425966010163952208971587286954127604330348721522013436510936278591095943018812536499639768874529815430215499740727398867827204589455420278136259430182072618010261618021
4	114	155	157	1	028315971286501839676690647082796120524313060397451861023155124036030987452782541276796360069317605249701365894245421029893403554432201607827935215394126970308612445457822778525421812010663200916278582186879421125270490434751547826913954035499740725399468452514781606186787130254034522428067037460497895
4	115	164	247	1	189278256378092152470496047924524121861305025141390761867827970679445458221168700395268134815226475893974694030647697493075243645068276315408915887279368109632458920390766379543512810343674060976974705359315306864501214253012634791698452104390761603816468012514231855424963534910135822539706139587782254
4	116	172	207	1	010315822896773016824285321867016816278988675920813049367060452451230351418963062820740396156383975240461725984779342781073401627208816315989460201251724018366816907523041503340763181687651212301201521058143036974044354252153703965482070215404251327312858872791625874030293420653749316828947540251513681
4	117	185	268	1	010315822896773016824285321867016816278988675920813049367060452451230351418963062820740396156383975240461725984779342781073401627208816315989460201251724018366816907523041503340761300210451212301201521058143036974044354252153703965482070215404251327312858872791625894303593420653749316828947243551513681
4	118	220	296	1	245186025878592193630954390495853395135981688961533966818160703693669687318524067921601218070396456818289545420716782458166397863451928963679828687251784552241201503156934093362545392878613204512153105247251358941077207606106703961220819477404259395819863861691697944036749937760168273528947431060827681
4	119	248	259	1	521827404094737852402021365904398282816075797484965134031020434036030953481153064398660721518653187940670746399734707062431687052211403859749698730402513453040215363300343976106390496394736783920245816734394740039514824030702691530667602010361027940814367895107627678276003029413067958163369729847859706
4	120	249	257	1	474201599531185385951363034270695049287478359691351866819585211021040034345021522494385940797254814303615139855482971533105245259206813497251353116825127040636076987533513420314522898598572590886479518778103496217400945312752314251345825244745243996019324670455825814039697630494135272563369729863859794
